"#";"Url";"Type";"Anchor";"No-follow";"Google cachedate";"Facebook likes";"Google index";"Yahoo index";"Bing index";"Alexa rank";"SEMrush Rank";"SEMrush SE Traffic";"SEMrush backlinks"
"1";"https://bgoonz-blog.netlify.app/";"image";"webdevhub logo";"No";"n/a";"wait...";"26";"n/a";"42 ";"2709266";"28717492";"n/a";"576"
"";"";"text";"https://bgoonz-blog.netlify.app/";"No"
"2";"https://bgoonz-blog.netlify.app/docs/sitemap";"text";"Navigation";"No";"?";"wait...";"26";"n/a";"42 ";"2709266";"28717492";"n/a";"8"
"3";"https://bgoonz-blog.netlify.app/docs";"text";"Docs";"No";"?";"wait...";"26";"n/a";"42 ";"2709266";"28717492";"n/a";"8"
"";"";"text";"Top Repos";"No"
"4";"https://bgoonz-blog.netlify.app/showcase";"text";"Showcase";"No";"?";"wait...";"26";"n/a";"42 ";"2709266";"28717492";"n/a";"8"
"5";"https://bgoonz-blog.netlify.app/docs/faq/contact";"text";"Contact!";"No";"?";"wait...";"26";"n/a";"42 ";"2709266";"28717492";"n/a";"9"
"6";"https://bgoonz-blog.netlify.app/docs/python/python-ds";"text";"Python";"No";"?";"wait...";"26";"n/a";"42 ";"2709266";"28717492";"n/a";"8"
"7";"https://bgoonz-blog.netlify.app/javascript";"text";"JavaScript";"No";"?";"wait...";"26";"n/a";"42 ";"2709266";"28717492";"n/a";"0"
"8";"https://bgoonz-blog.netlify.app/blog/";"text";"Blog";"No";"?";"wait...";"26";"n/a";"42 ";"2709266";"28717492";"n/a";"20"
"9";"https://bgoonz-blog.netlify.app/blog/platform-docs/";"text";"platform docs";"No";"?";"wait...";"26";"n/a";"42 ";"2709266";"28717492";"n/a";"16"
"10";"https://bgoonz-blog.netlify.app/docs/articles/nodejs/";"text";"nodejs";"No";"?";"wait...";"26";"n/a";"42 ";"2709266";"28717492";"n/a";"5"
"";"";"text";"Javascript and Node";"No"
"11";"https://bgoonz-blog.netlify.app/blogWcomments/";"text";"Blog w Comments";"No";"?";"wait...";"26";"n/a";"42 ";"2709266";"28717492";"n/a";"0"
"12";"https://bgoonz-blog.netlify.app/docs/interview/job-search-nav/";"text";"Job Search";"No";"?";"wait...";"26";"n/a";"42 ";"2709266";"28717492";"n/a";"0"
"";"";"text";"Job Search Navigation";"No"
"13";"https://bgoonz-blog.netlify.app/interview/job-boards";"text";"Job Boards";"No";"?";"wait...";"26";"n/a";"42 ";"2709266";"28717492";"n/a";"0"
"14";"https://bgoonz-blog.netlify.app/docs/tools/Archive";"text";"Archive";"No";"?";"wait...";"26";"n/a";"42 ";"2709266";"28717492";"n/a";"0"
"15";"https://bgoonz-blog.netlify.app/docs/gallery";"text";"Gallery";"No";"?";"wait...";"26";"n/a";"42 ";"2709266";"28717492";"n/a";"9"
"16";"https://bgoonz-blog.netlify.app/docs/projects";"text";"Projects";"No";"?";"wait...";"26";"n/a";"42 ";"2709266";"28717492";"n/a";"8"
"17";"https://bgoonz-blog.netlify.app/docs/tools";"text";"Tools";"No";"?";"wait...";"26";"n/a";"42 ";"2709266";"28717492";"n/a";"8"
"18";"https://bgoonz-blog.netlify.app/docs/";"text";"Docs";"No";"?";"wait...";"26";"n/a";"42 ";"2709266";"28717492";"n/a";"20"
"19";"https://bgoonz-blog.netlify.app/docs/about/";"text";"About";"No";"?";"wait...";"26";"n/a";"42 ";"2709266";"28717492";"n/a";"19"
"20";"https://bgoonz-blog.netlify.app/docs/about/eng-portfolio/";"text";"Engineering Portfolio";"No";"?";"wait...";"26";"n/a";"42 ";"2709266";"28717492";"n/a";"2"
"21";"https://bgoonz-blog.netlify.app/docs/about/intrests/";"text";"Youtube";"No";"?";"wait...";"26";"n/a";"42 ";"2709266";"28717492";"n/a";"2"
"22";"https://bgoonz-blog.netlify.app/docs/about/resume/";"text";"Resume";"No";"?";"n/a";"26";"n/a";"42 ";"2709266";"28717492";"n/a";"18"
"23";"https://bgoonz-blog.netlify.app/docs/about/job-search/";"text";"Job Search";"No";"?";"n/a";"26";"n/a";"42 ";"2709266";"28717492";"n/a";"2"
"24";"https://bgoonz-blog.netlify.app/docs/about/README/";"text";"readme";"No";"?";"n/a";"26";"n/a";"42 ";"2709266";"28717492";"n/a";"0"
"25";"https://bgoonz-blog.netlify.app/docs/articles/";"text";"Articles";"No";"?";"n/a";"26";"n/a";"42 ";"2709266";"28717492";"n/a";"18"
"26";"https://bgoonz-blog.netlify.app/docs/articles/http/";"text";"The HTTP Protocol";"No";"?";"n/a";"26";"n/a";"42 ";"2709266";"28717492";"n/a";"5"
"27";"https://bgoonz-blog.netlify.app/docs/articles/nextjs/";"text";"lorem-ipsum";"No";"?";"n/a";"26";"n/a";"42 ";"2709266";"28717492";"n/a";"0"
"28";"https://bgoonz-blog.netlify.app/docs/articles/how-the-web-works/";"text";"How The Web Works";"No";"?";"n/a";"26";"n/a";"42 ";"2709266";"28717492";"n/a";"5"
"29";"https://bgoonz-blog.netlify.app/docs/articles/node-cli-args/";"text";"where-is-npm-pack";"No";"?";"n/a";"26";"n/a";"42 ";"2709266";"28717492";"n/a";"wait..."
"30";"https://bgoonz-blog.netlify.app/docs/articles/node-env-variables/";"text";"Node Export Module";"No";"?";"n/a";"26";"n/a";"42 ";"2709266";"28717492";"n/a";"wait..."
"31";"https://bgoonz-blog.netlify.app/docs/articles/node-package-manager/";"text";"Sorting Algorithms";"No";"?";"n/a";"26";"n/a";"42 ";"2709266";"28717492";"n/a";"wait..."
"32";"https://bgoonz-blog.netlify.app/docs/articles/node-common-modules/";"text";"Common Modules";"No";"?";"n/a";"26";"n/a";"42 ";"2709266";"28717492";"n/a";"wait..."
"33";"https://bgoonz-blog.netlify.app/docs/articles/node-repl/";"text";"The-package-lock.json-file";"No";"?";"n/a";"26";"n/a";"42 ";"2709266";"28717492";"n/a";"wait..."
"34";"https://bgoonz-blog.netlify.app/docs/articles/node-run-cli/";"text";"node-cli-args";"No";"?";"wait...";"26";"n/a";"42 ";"2709266";"28717492";"n/a";"wait..."
"35";"https://bgoonz-blog.netlify.app/docs/articles/npm/";"text";"Introduction to npm";"No";"?";"wait...";"26";"n/a";"42 ";"2709266";"28717492";"n/a";"wait..."
"36";"https://bgoonz-blog.netlify.app/docs/articles/semantic-html/";"text";"Web Design";"No";"?";"wait...";"26";"n/a";"42 ";"2709266";"28717492";"n/a";"wait..."
"37";"https://bgoonz-blog.netlify.app/docs/articles/node-js-language/";"text";"packagejson";"No";"?";"wait...";"26";"n/a";"42 ";"2709266";"28717492";"n/a";"wait..."
"38";"https://bgoonz-blog.netlify.app/docs/articles/the-uniform-resource-locator-(url)/";"text";"The Uniform Resource Locator (URL)";"No";"?";"wait...";"26";"n/a";"42 ";"2709266";"28717492";"n/a";"wait..."
"39";"https://bgoonz-blog.netlify.app/docs/articles/v8/";"text";"npm global or local packages";"No";"?";"wait...";"26";"n/a";"42 ";"2709266";"28717492";"n/a";"wait..."
"40";"https://bgoonz-blog.netlify.app/docs/articles/understanding-firebase/";"text";"Firebase";"No";"?";"wait...";"26";"n/a";"42 ";"2709266";"28717492";"n/a";"wait..."
"41";"https://bgoonz-blog.netlify.app/docs/articles/web-standards-checklist/";"text";"Web Standards Checklist";"No";"?";"wait...";"26";"n/a";"42 ";"2709266";"28717492";"n/a";"wait..."
"42";"https://bgoonz-blog.netlify.app/docs/articles/webdev-tools/";"text";"Web Developer Tools";"No";"?";"wait...";"26";"n/a";"42 ";"2709266";"28717492";"n/a";"wait..."
"43";"https://bgoonz-blog.netlify.app/docs/articles/buffers/";"text";"Node Buffers";"No";"?";"wait...";"26";"n/a";"42 ";"2709266";"28717492";"n/a";"wait..."
"44";"https://bgoonz-blog.netlify.app/docs/articles/event-loop/";"text";"The Node.js Event Loop";"No";"?";"wait...";"26";"n/a";"42 ";"2709266";"28717492";"n/a";"wait..."
"45";"https://bgoonz-blog.netlify.app/docs/articles/basic-web-dev/";"text";"Web Dev Review";"No";"?";"wait...";"26";"n/a";"42 ";"2709266";"28717492";"n/a";"wait..."
"46";"https://bgoonz-blog.netlify.app/docs/articles/dev-dep/";"text";"Dev Dependencies";"No";"?";"wait...";"26";"n/a";"42 ";"2709266";"28717492";"n/a";"wait..."
"47";"https://bgoonz-blog.netlify.app/docs/articles/fs-module/";"text";"Fs-Module";"No";"?";"wait...";"26";"n/a";"42 ";"2709266";"28717492";"n/a";"wait..."
"48";"https://bgoonz-blog.netlify.app/docs/articles/install/";"text";"Install";"No";"?";"wait...";"26";"n/a";"42 ";"2709266";"28717492";"n/a";"wait..."
"49";"https://bgoonz-blog.netlify.app/docs/articles/intro/";"text";"Intro To Node";"No";"?";"wait...";"26";"n/a";"42 ";"2709266";"28717492";"n/a";"wait..."
"50";"https://bgoonz-blog.netlify.app/docs/articles/modules/";"text";"Node Modules System";"No";"?";"wait...";"26";"n/a";"42 ";"2709266";"28717492";"n/a";"wait..."
"51";"https://bgoonz-blog.netlify.app/docs/articles/nodevsbrowser/";"text";"Node vs Browser";"No";"?";"wait...";"26";"n/a";"42 ";"2709266";"28717492";"n/a";"wait..."
"52";"https://bgoonz-blog.netlify.app/docs/articles/os-module/";"text";"OS-Module";"No";"?";"wait...";"26";"n/a";"42 ";"2709266";"28717492";"n/a";"wait..."
"53";"https://bgoonz-blog.netlify.app/docs/articles/npx/";"text";"The npx Node.js Package Runner";"No";"?";"wait...";"26";"n/a";"42 ";"2709266";"28717492";"n/a";"wait..."
"54";"https://bgoonz-blog.netlify.app/docs/articles/semantic/";"text";"Semantic Versioning";"No";"?";"wait...";"26";"n/a";"42 ";"2709266";"28717492";"n/a";"wait..."
"55";"https://bgoonz-blog.netlify.app/docs/articles/reading-files/";"text";"Reading Files";"No";"?";"wait...";"26";"n/a";"42 ";"2709266";"28717492";"n/a";"wait..."
"56";"https://bgoonz-blog.netlify.app/docs/articles/writing-files/";"text";"Writing Files";"No";"?";"wait...";"26";"n/a";"42 ";"2709266";"28717492";"n/a";"wait..."
"57";"https://bgoonz-blog.netlify.app/docs/articles/node-api-express/";"text";"Node APIs With Express";"No";"?";"wait...";"26";"n/a";"42 ";"2709266";"28717492";"n/a";"wait..."
"58";"https://bgoonz-blog.netlify.app/docs/audio/";"text";"Audio";"No";"?";"wait...";"26";"n/a";"42 ";"2709266";"28717492";"n/a";"wait..."
"59";"https://bgoonz-blog.netlify.app/docs/audio/audio/";"text";"Audio";"No";"?";"wait...";"26";"n/a";"42 ";"2709266";"28717492";"n/a";"wait..."
"60";"https://bgoonz-blog.netlify.app/docs/audio/audio-feature-extraction/";"text";"Audio Feature Extraction";"No";"?";"wait...";"26";"n/a";"42 ";"2709266";"28717492";"n/a";"wait..."
"61";"https://bgoonz-blog.netlify.app/docs/audio/discrete-fft/";"text";"Fast Fourier Transform";"No";"?";"wait...";"26";"n/a";"42 ";"2709266";"28717492";"n/a";"wait..."
"62";"https://bgoonz-blog.netlify.app/docs/audio/dynamic-time-warping/";"text";"dynamic-time-warping";"No";"?";"wait...";"26";"n/a";"42 ";"2709266";"28717492";"n/a";"wait..."
"63";"https://bgoonz-blog.netlify.app/docs/audio/dtw-python-explained/";"text";"Dynamic Time Warping Algorithm Explained (Python)";"No";"?";"wait...";"26";"n/a";"42 ";"2709266";"28717492";"n/a";"wait..."
"64";"https://bgoonz-blog.netlify.app/docs/audio/dfft/";"text";"Discrete Fast Fourier Transform";"No";"?";"wait...";"26";"n/a";"42 ";"2709266";"28717492";"n/a";"wait..."
"65";"https://bgoonz-blog.netlify.app/docs/audio/web-audio-api/";"text";"Web Apis";"No";"?";"wait...";"26";"n/a";"42 ";"2709266";"28717492";"n/a";"wait..."
"66";"https://bgoonz-blog.netlify.app/docs/career/";"text";"Career";"No";"?";"wait...";"26";"n/a";"42 ";"2709266";"28717492";"n/a";"wait..."
"67";"https://bgoonz-blog.netlify.app/docs/career/interview-dos-n-donts/";"text";"Do & Don't of Interviewing!";"No";"?";"wait...";"26";"n/a";"42 ";"2709266";"28717492";"n/a";"wait..."
"68";"https://bgoonz-blog.netlify.app/docs/career/job-boards/";"text";"Job Board";"No";"?";"wait...";"26";"n/a";"42 ";"2709266";"28717492";"n/a";"wait..."
"69";"https://bgoonz-blog.netlify.app/docs/career/dev-interview/";"text";"Developer Interview Questions";"No";"?";"wait...";"26";"n/a";"42 ";"2709266";"28717492";"n/a";"wait..."
"70";"https://bgoonz-blog.netlify.app/docs/community/";"text";"Community";"No";"?";"wait...";"26";"n/a";"42 ";"2709266";"28717492";"n/a";"wait..."
"71";"https://bgoonz-blog.netlify.app/docs/community/an-open-letter-2-future-developers/";"text";"New Developers";"No";"?";"wait...";"26";"n/a";"42 ";"2709266";"28717492";"n/a";"wait..."
"72";"https://bgoonz-blog.netlify.app/docs/community/video-chat/";"text";"Video Chat";"No";"?";"wait...";"26";"n/a";"42 ";"2709266";"28717492";"n/a";"wait..."
"73";"https://bgoonz-blog.netlify.app/docs/content/";"text";"Content";"No";"?";"wait...";"26";"n/a";"42 ";"2709266";"28717492";"n/a";"wait..."
"74";"https://bgoonz-blog.netlify.app/docs/content/history-api/";"text";"History API";"No";"?";"wait...";"26";"n/a";"42 ";"2709266";"28717492";"n/a";"wait..."
"75";"https://bgoonz-blog.netlify.app/docs/content/gatsby-Queries-Mutations/";"text";"Queries and Mutations (Gatsby)";"No";"?";"wait...";"26";"n/a";"42 ";"2709266";"28717492";"n/a";"wait..."
"76";"https://bgoonz-blog.netlify.app/docs/content/main-projects/";"text";"RECENT PROJECTS";"No";"?";"wait...";"26";"n/a";"42 ";"2709266";"28717492";"n/a";"wait..."
"77";"https://bgoonz-blog.netlify.app/docs/content/archive/";"text";"Archive";"No";"?";"wait...";"26";"n/a";"42 ";"2709266";"28717492";"n/a";"wait..."
"78";"https://bgoonz-blog.netlify.app/docs/content/trouble-shooting/";"text";"Trouble Shooting";"No";"?";"wait...";"26";"n/a";"42 ";"2709266";"28717492";"n/a";"wait..."
"79";"https://bgoonz-blog.netlify.app/docs/content/algo/";"text";"Algorithms & Data Structures";"No";"?";"wait...";"26";"n/a";"42 ";"2709266";"28717492";"n/a";"wait..."
"80";"https://bgoonz-blog.netlify.app/docs/data-structures/";"text";"Data Structures";"No";"?";"wait...";"26";"n/a";"42 ";"2709266";"28717492";"n/a";"wait..."
"81";"https://bgoonz-blog.netlify.app/docs/docs/";"text";"Docs";"No";"?";"wait...";"26";"n/a";"42 ";"2709266";"28717492";"n/a";"wait..."
"82";"https://bgoonz-blog.netlify.app/docs/docs/art-of-command-line/";"text";"Command Line Basics";"No";"?";"wait...";"26";"n/a";"42 ";"2709266";"28717492";"n/a";"wait..."
"83";"https://bgoonz-blog.netlify.app/docs/docs/appendix/";"text";"Apendix";"No";"?";"wait...";"26";"n/a";"42 ";"2709266";"28717492";"n/a";"wait..."
"84";"https://bgoonz-blog.netlify.app/docs/docs/css/";"text";"Learn Css";"No";"?";"wait...";"26";"n/a";"42 ";"2709266";"28717492";"n/a";"wait..."
"85";"https://bgoonz-blog.netlify.app/docs/docs/data-structures-docs/";"text";"Data Structures Docs";"No";"?";"wait...";"26";"n/a";"42 ";"2709266";"28717492";"n/a";"wait..."
"86";"https://bgoonz-blog.netlify.app/docs/docs/es-6-features/";"text";"ECMAScript 6";"No";"?";"wait...";"26";"n/a";"42 ";"2709266";"28717492";"n/a";"wait..."
"87";"https://bgoonz-blog.netlify.app/docs/docs/git-repos/";"text";"Git Repo List";"No";"?";"wait...";"26";"n/a";"42 ";"2709266";"28717492";"n/a";"wait..."
"88";"https://bgoonz-blog.netlify.app/docs/docs/git-reference/";"text";"Git Reference";"No";"?";"wait...";"26";"n/a";"42 ";"2709266";"28717492";"n/a";"wait..."
"89";"https://bgoonz-blog.netlify.app/docs/docs/markdown/";"text";"Markdown";"No";"?";"wait...";"26";"n/a";"42 ";"2709266";"28717492";"n/a";"wait..."
"90";"https://bgoonz-blog.netlify.app/docs/docs/regex-in-js/";"text";"Regular Expressions";"No";"?";"wait...";"26";"n/a";"42 ";"2709266";"28717492";"n/a";"wait..."
"91";"https://bgoonz-blog.netlify.app/docs/docs/sitemap/";"text";"Sitemap";"No";"?";"wait...";"26";"n/a";"42 ";"2709266";"28717492";"n/a";"wait..."
"92";"https://bgoonz-blog.netlify.app/docs/docs/bash/";"text";"Bash Commands That Save Me Time and Frustration";"No";"?";"wait...";"26";"n/a";"42 ";"2709266";"28717492";"n/a";"wait..."
"93";"https://bgoonz-blog.netlify.app/docs/docs/content/";"text";"Useful Snippets";"No";"?";"wait...";"26";"n/a";"42 ";"2709266";"28717492";"n/a";"wait..."
"94";"https://bgoonz-blog.netlify.app/docs/docs/node-docs-full/";"text";"Node Docs";"No";"?";"wait...";"26";"n/a";"42 ";"2709266";"28717492";"n/a";"wait..."
"95";"https://bgoonz-blog.netlify.app/docs/docs/no-whiteboarding/";"text";"lorem-ipsum";"No";"?";"wait...";"26";"n/a";"42 ";"2709266";"28717492";"n/a";"wait..."
"96";"https://bgoonz-blog.netlify.app/docs/docs/html-spec/";"text";"HTML SPEC";"No";"?";"wait...";"26";"n/a";"42 ";"2709266";"28717492";"n/a";"wait..."
"97";"https://bgoonz-blog.netlify.app/docs/docs/node-docs-complete/";"text";"Node Docs";"No";"?";"wait...";"26";"n/a";"42 ";"2709266";"28717492";"n/a";"wait..."
"98";"https://bgoonz-blog.netlify.app/docs/faq/";"text";"FAQ";"No";"?";"wait...";"26";"n/a";"42 ";"2709266";"28717492";"n/a";"wait..."
"99";"https://bgoonz-blog.netlify.app/docs/faq/plug-ins/";"text";"Plug-ins";"No";"?";"wait...";"26";"n/a";"42 ";"2709266";"28717492";"n/a";"wait..."
"100";"https://bgoonz-blog.netlify.app/docs/faq/contact/";"text";"Contact!";"No";"?";"wait...";"26";"n/a";"42 ";"2709266";"28717492";"n/a";"wait..."
"101";"https://bgoonz-blog.netlify.app/docs/interact/";"text";"Interactive";"No";"?";"wait...";"26";"n/a";"42 ";"2709266";"28717492";"n/a";"wait..."
"102";"https://bgoonz-blog.netlify.app/docs/interact/callstack-visual/";"text";"Callstack Visualizer";"No";"?";"wait...";"26";"n/a";"42 ";"2709266";"28717492";"n/a";"wait..."
"103";"https://bgoonz-blog.netlify.app/docs/interact/clock/";"text";"Clock";"No";"?";"wait...";"26";"n/a";"42 ";"2709266";"28717492";"n/a";"wait..."
"104";"https://bgoonz-blog.netlify.app/docs/interact/jupyter-notebooks/";"text";"Jupyter Notebooks";"No";"?";"wait...";"26";"n/a";"42 ";"2709266";"28717492";"n/a";"wait..."
"105";"https://bgoonz-blog.netlify.app/docs/interact/video-chat/";"text";"Zumzi Video Conferencing (Mesibo API Backend)";"No";"?";"wait...";"26";"n/a";"42 ";"2709266";"28717492";"n/a";"wait..."
"106";"https://bgoonz-blog.netlify.app/docs/interact/other-sites/";"text";"Other Websites";"No";"?";"wait...";"26";"n/a";"42 ";"2709266";"28717492";"n/a";"wait..."
"107";"https://bgoonz-blog.netlify.app/docs/javascript/";"text";"Javascript";"No";"?";"wait...";"26";"n/a";"42 ";"2709266";"28717492";"n/a";"wait..."
"108";"https://bgoonz-blog.netlify.app/docs/javascript/asyncjs/";"text";"AsynchAsynchronous JavaScript";"No";"?";"wait...";"26";"n/a";"42 ";"2709266";"28717492";"n/a";"wait..."
"109";"https://bgoonz-blog.netlify.app/docs/javascript/arrow-functions/";"text";"JS Fat Arrow Functions";"No";"?";"wait...";"26";"n/a";"42 ";"2709266";"28717492";"n/a";"wait..."
"110";"https://bgoonz-blog.netlify.app/docs/javascript/await-keyword/";"text";"Await";"No";"?";"wait...";"26";"n/a";"42 ";"2709266";"28717492";"n/a";"wait..."
"111";"https://bgoonz-blog.netlify.app/docs/javascript/bigo/";"text";"A Very Quick Guide To Calculating Big O Computational Complexity";"No";"?";"wait...";"26";"n/a";"42 ";"2709266";"28717492";"n/a";"wait..."
"112";"https://bgoonz-blog.netlify.app/docs/javascript/constructor-functions/";"text";"Constructor Functions";"No";"?";"wait...";"26";"n/a";"42 ";"2709266";"28717492";"n/a";"wait..."
"113";"https://bgoonz-blog.netlify.app/docs/javascript/this-is-about-this/";"text";"WhatisTHIS";"No";"?";"wait...";"26";"n/a";"42 ";"2709266";"28717492";"n/a";"wait..."
"114";"https://bgoonz-blog.netlify.app/docs/javascript/clean-code/";"text";"Clean Code";"No";"?";"wait...";"26";"n/a";"42 ";"2709266";"28717492";"n/a";"wait..."
"115";"https://bgoonz-blog.netlify.app/docs/javascript/promises/";"text";"Promises";"No";"?";"wait...";"26";"n/a";"42 ";"2709266";"28717492";"n/a";"wait..."
"116";"https://bgoonz-blog.netlify.app/docs/javascript/review/";"text";"Javascript Concepts Review";"No";"?";"wait...";"26";"n/a";"42 ";"2709266";"28717492";"n/a";"wait..."
"117";"https://bgoonz-blog.netlify.app/docs/interview/";"text";"Interviewing";"No";"?";"wait...";"26";"n/a";"42 ";"2709266";"28717492";"n/a";"wait..."
"118";"https://bgoonz-blog.netlify.app/docs/interview/front-end/";"text";"Font End Interview";"No";"?";"wait...";"26";"n/a";"42 ";"2709266";"28717492";"n/a";"wait..."
"119";"https://bgoonz-blog.netlify.app/docs/interview/review-concepts/";"text";"Review Of Concepts";"No";"?";"wait...";"26";"n/a";"42 ";"2709266";"28717492";"n/a";"wait..."
"120";"https://bgoonz-blog.netlify.app/docs/leetcode/";"text";"Leetcode";"No";"?";"wait...";"26";"n/a";"42 ";"2709266";"28717492";"n/a";"wait..."
"121";"https://bgoonz-blog.netlify.app/docs/projects/";"text";"Projects";"No";"?";"wait...";"26";"n/a";"42 ";"2709266";"28717492";"n/a";"wait..."
"122";"https://bgoonz-blog.netlify.app/docs/projects/mini-projects2/";"text";"Mini Projects";"No";"?";"wait...";"26";"n/a";"42 ";"2709266";"28717492";"n/a";"wait..."
"123";"https://bgoonz-blog.netlify.app/docs/projects/embeded-websites/";"text";"Embeded Websites & Projects";"No";"?";"wait...";"26";"n/a";"42 ";"2709266";"28717492";"n/a";"wait..."
"124";"https://bgoonz-blog.netlify.app/docs/projects/list-of-projects/";"text";"List Of Projects";"No";"?";"wait...";"26";"n/a";"42 ";"2709266";"28717492";"n/a";"wait..."
"125";"https://bgoonz-blog.netlify.app/docs/projects/my-websites/";"text";"My Sites";"No";"?";"wait...";"26";"n/a";"42 ";"2709266";"28717492";"n/a";"wait..."
"126";"https://bgoonz-blog.netlify.app/docs/projects/mini-projects/";"text";"Mini Projects";"No";"?";"wait...";"26";"n/a";"42 ";"2709266";"28717492";"n/a";"wait..."
"127";"https://bgoonz-blog.netlify.app/docs/python/";"text";"Python";"No";"?";"wait...";"26";"n/a";"42 ";"2709266";"28717492";"n/a";"wait..."
"128";"https://bgoonz-blog.netlify.app/docs/python/flow-control/";"text";"lorem-ipsum";"No";"?";"wait...";"26";"n/a";"42 ";"2709266";"28717492";"n/a";"wait..."
"129";"https://bgoonz-blog.netlify.app/docs/python/functions/";"text";"lorem-ipsum";"No";"?";"wait...";"26";"n/a";"42 ";"2709266";"28717492";"n/a";"wait..."
"130";"https://bgoonz-blog.netlify.app/docs/python/google-sheets-api/";"text";"google-sheets-api";"No";"?";"wait...";"26";"n/a";"42 ";"2709266";"28717492";"n/a";"wait..."
"131";"https://bgoonz-blog.netlify.app/docs/python/examples/";"text";"Practice";"No";"?";"wait...";"26";"n/a";"42 ";"2709266";"28717492";"n/a";"wait..."
"132";"https://bgoonz-blog.netlify.app/docs/python/intro-for-js-devs/";"text";"lorem-ipsum";"No";"?";"wait...";"26";"n/a";"42 ";"2709266";"28717492";"n/a";"wait..."
"133";"https://bgoonz-blog.netlify.app/docs/python/python-ds/";"text";"Python General Notes";"No";"?";"wait...";"26";"n/a";"42 ";"2709266";"28717492";"n/a";"wait..."
"134";"https://bgoonz-blog.netlify.app/docs/python/cheat-sheet/";"text";"Python Cheat Sheet";"No";"?";"wait...";"26";"n/a";"42 ";"2709266";"28717492";"n/a";"wait..."
"135";"https://bgoonz-blog.netlify.app/docs/python/snippets/";"text";"Python Snippets";"No";"?";"wait...";"26";"n/a";"42 ";"2709266";"28717492";"n/a";"wait..."
"136";"https://bgoonz-blog.netlify.app/docs/python/comprehensive-guide/";"text";"lorem-ipsum";"No";"?";"wait...";"26";"n/a";"42 ";"2709266";"28717492";"n/a";"wait..."
"137";"https://bgoonz-blog.netlify.app/docs/python/at-length/";"text";"Python at length";"No";"?";"wait...";"26";"n/a";"42 ";"2709266";"28717492";"n/a";"wait..."
"138";"https://bgoonz-blog.netlify.app/docs/quick-reference/";"text";"QuickRef";"No";"?";"wait...";"26";"n/a";"42 ";"2709266";"28717492";"n/a";"wait..."
"139";"https://bgoonz-blog.netlify.app/docs/quick-reference/git-bash/";"text";"Git Bash";"No";"?";"wait...";"26";"n/a";"42 ";"2709266";"28717492";"n/a";"wait..."
"140";"https://bgoonz-blog.netlify.app/docs/quick-reference/git-tricks/";"text";"Git Tricks";"No";"?";"wait...";"26";"n/a";"42 ";"2709266";"28717492";"n/a";"wait..."
"141";"https://bgoonz-blog.netlify.app/docs/quick-reference/all-emojis/";"text";"All Emojis";"No";"?";"wait...";"26";"n/a";"42 ";"2709266";"28717492";"n/a";"wait..."
"142";"https://bgoonz-blog.netlify.app/docs/quick-reference/heroku-error-codes/";"text";"Heroku Error Codes";"No";"?";"wait...";"26";"n/a";"42 ";"2709266";"28717492";"n/a";"wait..."
"143";"https://bgoonz-blog.netlify.app/docs/quick-reference/google-firebase/";"text";"Firebase (Firebasics)";"No";"?";"wait...";"26";"n/a";"42 ";"2709266";"28717492";"n/a";"wait..."
"144";"https://bgoonz-blog.netlify.app/docs/quick-reference/markdown-dropdowns/";"text";"Markdown Dropdown";"No";"?";"wait...";"26";"n/a";"42 ";"2709266";"28717492";"n/a";"wait..."
"145";"https://bgoonz-blog.netlify.app/docs/quick-reference/minifiction/";"text";"How To Minify Code For Better Web Performance";"No";"?";"wait...";"26";"n/a";"42 ";"2709266";"28717492";"n/a";"wait..."
"146";"https://bgoonz-blog.netlify.app/docs/quick-reference/installation/";"text";"Installation";"No";"?";"wait...";"26";"n/a";"42 ";"2709266";"28717492";"n/a";"wait..."
"147";"https://bgoonz-blog.netlify.app/docs/quick-reference/new-repo-instructions/";"text";"new-repo-git";"No";"?";"wait...";"26";"n/a";"42 ";"2709266";"28717492";"n/a";"wait..."
"148";"https://bgoonz-blog.netlify.app/docs/quick-reference/pull-request-rubric/";"text";"Pull Request Template";"No";"?";"wait...";"26";"n/a";"42 ";"2709266";"28717492";"n/a";"wait..."
"149";"https://bgoonz-blog.netlify.app/docs/quick-reference/quick-links/";"text";"Quick Links";"No";"?";"wait...";"26";"n/a";"42 ";"2709266";"28717492";"n/a";"wait..."
"150";"https://bgoonz-blog.netlify.app/docs/quick-reference/topRepos/";"text";"Top Repos";"No";"?";"wait...";"26";"n/a";"42 ";"2709266";"28717492";"n/a";"wait..."
"151";"https://bgoonz-blog.netlify.app/docs/quick-reference/psql-setup/";"text";"PostgreSQL Setup";"No";"?";"wait...";"26";"n/a";"42 ";"2709266";"28717492";"n/a";"wait..."
"152";"https://bgoonz-blog.netlify.app/docs/quick-reference/understanding-path/";"text";"Understanding PATH";"No";"?";"wait...";"26";"n/a";"42 ";"2709266";"28717492";"n/a";"wait..."
"153";"https://bgoonz-blog.netlify.app/docs/quick-reference/Emmet/";"text";"Emmet Cheat Sheet";"No";"?";"wait...";"26";"n/a";"42 ";"2709266";"28717492";"n/a";"wait..."
"154";"https://bgoonz-blog.netlify.app/docs/quick-reference/create-react-app/";"text";"Getting Started W Create React App";"No";"?";"wait...";"26";"n/a";"42 ";"2709266";"28717492";"n/a";"wait..."
"155";"https://bgoonz-blog.netlify.app/docs/quick-reference/vscode-themes/";"text";"vscode-themes";"No";"?";"wait...";"26";"n/a";"42 ";"2709266";"28717492";"n/a";"wait..."
"156";"https://bgoonz-blog.netlify.app/docs/react/";"text";"React";"No";"?";"wait...";"26";"n/a";"42 ";"2709266";"28717492";"n/a";"wait..."
"157";"https://bgoonz-blog.netlify.app/docs/react/ajax-n-apis/";"text";"AJAX and APIs";"No";"?";"wait...";"26";"n/a";"42 ";"2709266";"28717492";"n/a";"wait..."
"158";"https://bgoonz-blog.netlify.app/docs/react/createReactApp/";"text";"npx-create-react-app";"No";"?";"wait...";"26";"n/a";"42 ";"2709266";"28717492";"n/a";"wait..."
"159";"https://bgoonz-blog.netlify.app/docs/react/cheatsheet/";"text";"React Cheat Sheets:";"No";"?";"wait...";"26";"n/a";"42 ";"2709266";"28717492";"n/a";"wait..."
"160";"https://bgoonz-blog.netlify.app/docs/react/demo/";"text";"React Class Components Demo";"No";"?";"wait...";"26";"n/a";"42 ";"2709266";"28717492";"n/a";"wait..."
"161";"https://bgoonz-blog.netlify.app/docs/react/jsx/";"text";"Introducing JSX";"No";"?";"wait...";"26";"n/a";"42 ";"2709266";"28717492";"n/a";"wait..."
"162";"https://bgoonz-blog.netlify.app/docs/react/render-elements/";"text";"Rendering Elements With React";"No";"?";"wait...";"26";"n/a";"42 ";"2709266";"28717492";"n/a";"wait..."
"163";"https://bgoonz-blog.netlify.app/docs/react/dont-use-index-as-keys/";"text";"Index as a key is an anti-pattern";"No";"?";"wait...";"26";"n/a";"42 ";"2709266";"28717492";"n/a";"wait..."
"164";"https://bgoonz-blog.netlify.app/docs/react/react-docs/";"text";"React Docs";"No";"?";"wait...";"26";"n/a";"42 ";"2709266";"28717492";"n/a";"wait..."
"165";"https://bgoonz-blog.netlify.app/docs/react/react2/";"text";"Intro To React";"No";"?";"wait...";"26";"n/a";"42 ";"2709266";"28717492";"n/a";"wait..."
"166";"https://bgoonz-blog.netlify.app/docs/react/react-in-depth/";"text";"React In Depth";"No";"?";"wait...";"26";"n/a";"42 ";"2709266";"28717492";"n/a";"wait..."
"167";"https://bgoonz-blog.netlify.app/docs/reference/";"text";"Reference";"No";"?";"wait...";"26";"n/a";"42 ";"2709266";"28717492";"n/a";"wait..."
"168";"https://bgoonz-blog.netlify.app/docs/reference/awesome-nodejs/";"text";"Awesome NodeJS";"No";"?";"wait...";"26";"n/a";"42 ";"2709266";"28717492";"n/a";"wait..."
"169";"https://bgoonz-blog.netlify.app/docs/reference/embed-the-web/";"text";"lorem-ipsum";"No";"?";"wait...";"26";"n/a";"42 ";"2709266";"28717492";"n/a";"wait..."
"170";"https://bgoonz-blog.netlify.app/docs/reference/awesome-static/";"text";"Awesome Static Site Resources";"No";"?";"wait...";"26";"n/a";"42 ";"2709266";"28717492";"n/a";"wait..."
"171";"https://bgoonz-blog.netlify.app/docs/reference/bash-commands/";"text";"Bash-Commands";"No";"?";"wait...";"26";"n/a";"42 ";"2709266";"28717492";"n/a";"wait..."
"172";"https://bgoonz-blog.netlify.app/docs/reference/how-to-kill-a-process/";"text";"Kill a Process in Linux";"No";"?";"wait...";"26";"n/a";"42 ";"2709266";"28717492";"n/a";"wait..."
"173";"https://bgoonz-blog.netlify.app/docs/reference/google-cloud/";"text";"Google Cloud";"No";"?";"wait...";"26";"n/a";"42 ";"2709266";"28717492";"n/a";"wait..."
"174";"https://bgoonz-blog.netlify.app/docs/reference/how-2-reinstall-npm/";"text";"How To Reinstall NPM and Node.js On Your System";"No";"?";"wait...";"26";"n/a";"42 ";"2709266";"28717492";"n/a";"wait..."
"175";"https://bgoonz-blog.netlify.app/docs/reference/installing-node/";"text";"Installing Node";"No";"?";"wait...";"26";"n/a";"42 ";"2709266";"28717492";"n/a";"wait..."
"176";"https://bgoonz-blog.netlify.app/docs/reference/notes-template/";"text";"Notes Template";"No";"?";"wait...";"26";"n/a";"42 ";"2709266";"28717492";"n/a";"wait..."
"177";"https://bgoonz-blog.netlify.app/docs/reference/psql/";"text";"Postgresql Cheat Sheet";"No";"?";"wait...";"26";"n/a";"42 ";"2709266";"28717492";"n/a";"wait..."
"178";"https://bgoonz-blog.netlify.app/docs/reference/intro-to-nodejs/";"text";"Intro To NodeJS";"No";"?";"wait...";"26";"n/a";"42 ";"2709266";"28717492";"n/a";"wait..."
"179";"https://bgoonz-blog.netlify.app/docs/reference/resources/";"text";"Developer Resources";"No";"?";"wait...";"26";"n/a";"42 ";"2709266";"28717492";"n/a";"wait..."
"180";"https://bgoonz-blog.netlify.app/docs/reference/vscode/";"text";"vscode";"No";"?";"wait...";"26";"n/a";"42 ";"2709266";"28717492";"n/a";"wait..."
"181";"https://bgoonz-blog.netlify.app/docs/reference/awesome-lists/";"text";"Awesome Lists";"No";"?";"wait...";"26";"n/a";"42 ";"2709266";"28717492";"n/a";"wait..."
"182";"https://bgoonz-blog.netlify.app/docs/reference/github-search/";"text";"Github Search";"No";"?";"wait...";"26";"n/a";"42 ";"2709266";"28717492";"n/a";"wait..."
"183";"https://bgoonz-blog.netlify.app/docs/reference/web-api's/";"text";"Web Apis";"No";"?";"wait...";"26";"n/a";"42 ";"2709266";"28717492";"n/a";"wait..."
"184";"https://bgoonz-blog.netlify.app/docs/reference/bookmarks/";"text";"Web Dev Bookmarks";"No";"?";"wait...";"26";"n/a";"42 ";"2709266";"28717492";"n/a";"wait..."
"185";"https://bgoonz-blog.netlify.app/docs/tools/";"text";"Tools";"No";"?";"wait...";"26";"n/a";"42 ";"2709266";"28717492";"n/a";"wait..."
"186";"https://bgoonz-blog.netlify.app/docs/tools/data-structures/";"text";"Data Structures";"No";"?";"wait...";"26";"n/a";"42 ";"2709266";"28717492";"n/a";"wait..."
"187";"https://bgoonz-blog.netlify.app/docs/tools/Archive/";"text";"Archive";"No";"?";"wait...";"26";"n/a";"42 ";"2709266";"28717492";"n/a";"wait..."
"188";"https://bgoonz-blog.netlify.app/docs/tools/dev-utilities/";"text";"General Utilities";"No";"?";"wait...";"26";"n/a";"42 ";"2709266";"28717492";"n/a";"wait..."
"189";"https://bgoonz-blog.netlify.app/docs/tools/markdown-html/";"text";"md and html";"No";"?";"wait...";"26";"n/a";"42 ";"2709266";"28717492";"n/a";"wait..."
"190";"https://bgoonz-blog.netlify.app/docs/tips/";"text";"Tips";"No";"?";"wait...";"26";"n/a";"42 ";"2709266";"28717492";"n/a";"wait..."
"191";"https://bgoonz-blog.netlify.app/docs/tips/array-methods/";"text";"Tips";"No";"?";"wait...";"26";"n/a";"42 ";"2709266";"28717492";"n/a";"wait..."
"192";"https://bgoonz-blog.netlify.app/docs/tips/insert-into-array/";"text";"Insert Into Array";"No";"?";"wait...";"26";"n/a";"42 ";"2709266";"28717492";"n/a";"wait..."
"193";"https://bgoonz-blog.netlify.app/docs/tutorials/";"text";"Tutorials";"No";"?";"wait...";"26";"n/a";"42 ";"2709266";"28717492";"n/a";"wait..."
"194";"https://bgoonz-blog.netlify.app/docs/tutorials/enviorment-setup/";"text";"Enviorment Setup Tutorial";"No";"?";"wait...";"26";"n/a";"42 ";"2709266";"28717492";"n/a";"wait..."
"195";"https://bgoonz-blog.netlify.app/docs/privacy-policy/";"text";"Facebook";"No";"?";"wait...";"26";"n/a";"42 ";"2709266";"28717492";"n/a";"0"
"";"";"text";"Twitter";"No"
"";"";"text";"Print";"No"
"";"";"text";"Email";"No"
"";"";"text";"Pinterest";"No"
"";"";"text";"Gmail";"No"
"";"";"text";"LinkedIn";"No"
"";"";"text";"";"No"