Handle,Title,Option1 Name,Option1 Value,Option2 Name,Option2 Value,Option3 Name,Option3 Value,SKU,HS Code,COO,150 Henley Place,Spocket
cbdst7396-515720157,Barjan 360114 Diesel Universal 4 mm Metal Replacement Side Knob Pair,Title,Default Title,,,,,CBDST7396,,,not stocked,7
cbdt7488-6789582,Twinpoint 402618 BNC Female To F Male Adapter,Title,Default Title,,,,,CBDT7488,,,not stocked,3
cbdst4558-1619151870,Hustler 1308 Mini Swivel Ball Replacement Screw,Title,Default Title,,,,,CBDST4558,,,not stocked,7
cbdst4589-1170248579,Kalibur 1N4743 1N4743 13V & 1W Zener Diode,Title,Default Title,,,,,CBDST4589,,,not stocked,7
cbdst5545-432625862,"Kalibur KWD0543-BK 10A Battery Clip, Black",Title,Default Title,,,,,CBDST5545,,,not stocked,7
cbdst5546-664939592,"Kalibur KWD0543-RD 10A Battery Clip, Red",Title,Default Title,,,,,CBDST5546,,,not stocked,7
amzer-ultra-thin-frosted-pp-case-for-iphone-xir-1511690941,AMZER Ultra Thin Frosted PP Case for iPhone 11,Title,Default Title,,,,,205770,,,not stocked,6
cdlw4620-1292872396,Cable Wholesale ASF-20039 RG6 F-Pin Twist On Connector,Title,Default Title,,,,,CDLW4620,,,not stocked,7
cbdst6727-703961607,Kalibur 1N4002 2 Amp 1Kv Piv Diode,Title,Default Title,,,,,CBDST6727,,,not stocked,7
2m-magnetic-cable-micro-usb-type-c-adapter-98222963,2m Magnetic Cable Micro USB Type C Adapter,Color,For iPhone Plug,Length,2m,,,FORIPHONEPLUG-2M,,,not stocked,0
2m-magnetic-cable-micro-usb-type-c-adapter-98222963,2m Magnetic Cable Micro USB Type C Adapter,Color,For iPhone Black,Length,2m,,,FORIPHONEBLACK-2M,,,not stocked,0
2m-magnetic-cable-micro-usb-type-c-adapter-98222963,2m Magnetic Cable Micro USB Type C Adapter,Color,For iPhone Red,Length,1m,,,FORIPHONERED-1M,,,not stocked,40
2m-magnetic-cable-micro-usb-type-c-adapter-98222963,2m Magnetic Cable Micro USB Type C Adapter,Color,For iPhone Blue,Length,1m,,,FORIPHONEBLUE-1M,,,not stocked,39
2m-magnetic-cable-micro-usb-type-c-adapter-98222963,2m Magnetic Cable Micro USB Type C Adapter,Color,For iPhone Blue,Length,2m,,,FORIPHONEBLUE-2M,,,not stocked,34
2m-magnetic-cable-micro-usb-type-c-adapter-98222963,2m Magnetic Cable Micro USB Type C Adapter,Color,For iPhone Red,Length,2m,,,FORIPHONERED-2M,,,not stocked,24
2m-magnetic-cable-micro-usb-type-c-adapter-98222963,2m Magnetic Cable Micro USB Type C Adapter,Color,For iPhone Plug,Length,1m,,,FORIPHONEPLUG-1M,,,not stocked,261
2m-magnetic-cable-micro-usb-type-c-adapter-98222963,2m Magnetic Cable Micro USB Type C Adapter,Color,For iPhone Silver,Length,1m,,,FORIPHONESILVER-1M,,,not stocked,37
2m-magnetic-cable-micro-usb-type-c-adapter-98222963,2m Magnetic Cable Micro USB Type C Adapter,Color,For iPhone Silver,Length,2m,,,FORIPHONESILVER-2M,,,not stocked,33
2m-magnetic-cable-micro-usb-type-c-adapter-98222963,2m Magnetic Cable Micro USB Type C Adapter,Color,For Type C Red,Length,1m,,,FORTYPECRED-1M,,,not stocked,0
2m-magnetic-cable-micro-usb-type-c-adapter-98222963,2m Magnetic Cable Micro USB Type C Adapter,Color,For Type C Red,Length,2m,,,FORTYPECRED-2M,,,not stocked,16
2m-magnetic-cable-micro-usb-type-c-adapter-98222963,2m Magnetic Cable Micro USB Type C Adapter,Color,For iPhone Black,Length,1m,,,FORIPHONEBLACK-1M,,,not stocked,4
