Repo,URL,Stars,Forks,Ahead,Behind,Last Push
Web-Dev-Collaborative/BGOONZ_BLOG_2.0,https://github.com/Web-Dev-Collaborative/BGOONZ_BLOG_2.0,1,0,259,3444,6/28/2022
BGOOONZ-BLOG/BGOONZ_BLOG_2.0,https://github.com/BGOOONZ-BLOG/BGOONZ_BLOG_2.0,0,0,436,3445,6/28/2022
webdevhub42/BGOONZ_BLOG_2.0,https://github.com/webdevhub42/BGOONZ_BLOG_2.0,0,0,1,725,6/6/2022
Archive-42/BGOONZ_BLOG_2.0,https://github.com/Archive-42/BGOONZ_BLOG_2.0,0,0,44,5200,3/24/2022
side-projects-42/BGOONZ_BLOG_2.0,https://github.com/side-projects-42/BGOONZ_BLOG_2.0,0,0,44,5200,1/27/2022
DanHefrman/BGOONZ_BLOG_2.0,https://github.com/DanHefrman/BGOONZ_BLOG_2.0,0,0,2,6872,8/31/2021
ArjunBEG/BGOONZ_BLOG_2.0,https://github.com/ArjunBEG/BGOONZ_BLOG_2.0,0,0,437,3445,1/27/2022
JuanParker1/BGOONZ_BLOG_2.0,https://github.com/JuanParker1/BGOONZ_BLOG_2.0,0,0,10,1931,5/4/2022
bgoonz-duke/BGOONZ_BLOG_2.0,https://github.com/bgoonz-duke/BGOONZ_BLOG_2.0,0,0,3,1022,5/24/2022
RelativeTech/BGOONZ_BLOG_2.0,https://github.com/RelativeTech/BGOONZ_BLOG_2.0,0,1,3,7109,8/22/2021
ETS-ReactNative5/BGOONZ_BLOG_2.0,https://github.com/ETS-ReactNative5/BGOONZ_BLOG_2.0,0,0,1,725,5/31/2022
